50,Sri-Lankas food delicious! Atmospheric and comfortable place We were served by a waiter Nisha. Will definitely be back again.
50,"Amazing night in the restaurant that transformed later in the night in a nice chilled place with good music and vibes. From food to drinks, everything exceeded our expectations and we had the best night in Sri Lanka. A special thanks to Yoga, our Stuart, and Udele, our amazing bartender (amazing mojitos). Definitely a place to visit in Ella and in the whole Sri Lanka!"
50,"Came here for some breakfast and thoroughly enjoyed. Fast friendly service, great coffee and a tasty breakfast with great variety of food. Will go again."
50,"Dropped in for a bite to eat whilst my daughter went up Little Adams Peak. A traveller haven, full of people from all over the globe. The menu is varied, nutritious and reasonable. I was served by a lovely young man named Rasika who commented how nice my hair is so he knows what he is talking about (smile) I had a bowl of lovely seafood soup served with garlic bread, so tasty. The vibe here is great, felt part of the young crowd again lol. A must go to when in Ella."
50,"we went to cafe chill on last week of August because of it's excellent reviews. We were warmly welcome by Upul and who gave us an excellent service. The staff of Cafe chill are so quick, very attention and professional team. Food was amazing and reasonable price. Also Cafe chill has a fabulous atmosphere, very clean and well maintain environment. Finally thanks again for Upul who gave us excellent service and looking forward to see you again. Good luck!!"
50,Great food and atmosphere Rasika gave us excellent service would highly recommend very reasonably priced for the quality
50,Great food and Rumesh is great and bit saucy in good way. Devilled fish was 3.5 out of 5...more veggies. Burger great and mixed rice super
50,Had a solid hamburger here while visiting Ella. Very friendly atmosphere and helpful staff. Thanks to Rumesh for his great service!
50,The Big Breakfast was really hearty. Good quality bacon and sausage. The coffee was superb. My server Rumesh was very helpful and approachable. Thank you for your nice food and service
40,"Really great place to eat. Our waiter Rasika was a really great guy, who immediately tried to learn words from our danish language. Nice vibe!!"
50,Cafe Chill is an attractive restaurant with friendly and engaging waiters. Shaan#1 and Vidal are the best. We had a lunch and 2 meals and all were delicious. It can be crowded sometimes because young and old are getting together here. The music in the background is relaxing and entertaining. Best place to be for a relaxing evening.
50,Finest prawn curry we‚Äôve had. Great service from Rasika. Really enjoyed the seafood spaghetti and the buffalo curd with honey for desert. Really great vibe too.
50,Amazing food and great service from Rasika who was the perfect host and took good care of us. Lovely atmosphere and great traveller hangout
50,"Delicious food at Cafe Chill. Had a spinach salad, pasta penne and chicken schnitzel. I want to eat here for every meal. Our waiter was Rasika and gave us great service. Highly recommend to visit while in Ella!"
50,"We had lunch and dinner at the Chill Caf√© in August 2019. The wide variety of food, drinks and snacks is great. All we consumed was delicious. Go upstairs as well for a super chilli atmosphere. Also, service is very friendly and attentative. Chanchala served us for lunch and contributed to a great time at the venue. Absolutely recommendable!"
50,We came for a quick bite at cafe chill and the pizza was yum. The staff was really good and efficient. Rasika served us and he was on point.
50,"Our waiter 'Rumesh' was a really friendly guy. He was nice and gave us a lot of tips for our trip to Little Adams Peak. Gave us a lemon for the leeches. The food is very good for the price! In the evening they are a little less personal , because the place is packed by people, but that's normal!Very very good!"
50,"Quick and tasty food in a great location to people-watch in Ella, and great service from our waiter Rasika"
50,"My Wife and I both got the two traditional Curry options, they were perfect. We both picked to add chicken and it was every bit worth it. The service was great and the food was prompt.Loved the atmosphere and will be going back tonight because the risk of going to the second best is way to high."
50,"Good food and nice dish! Very warm welcome at the main entrance. Rumesh take care of us, he is so nice and friendly. Just come and try!"
50,"We hung out repeatedly at chill because the service and food quality could not be beaten... with a good mix of high quality local and western food it was the place to be... I drank quite a few tasty mojito‚Äôs.. the passion one hits the spot! Vidal our waiter on many occasions is warm, friendly and super efficient, he outshines all the staff!"
50,"A great little place to eat in the centre of Ella. The food had good variety, however I would 100% recommend the curry in a banana leaf."
50,"This place came highly recommended and I can see why, the menu was awesome, and had something for everyone, plus reasonably priced, the place was packed but they had enough staff on and the food came out really fast, and the food was great"
50,"Different to most bars in the area. Great place to eat and also relax with a drink in the evening. Chanchala was our server, a welcoming face after our 6 hour train journey!"
50,Husband and I came for dinner on our first night in Ella. We ordered the curry of the day and the banana leaf curry and were not disappointed. We‚Äôve been in Sri Lanka a week and this was definitely the best meal we‚Äôve had on our trip so far! Rasika served us and was very helpful and friendly. Will most likely be back again tomorrow night!
50,"Amazing night in the restaurant, nice chilled place with good music and vibes. From food to drinks, everything exceeded our expectations and we had the best night in Ella,we were served by yoga, he did a really great job."
50,"Burgers, pizza, pasta, cocktails, relaxed vibe, all you need when you don't want just another curry ;)"
30,We had dinner at Chill. The atmosfere was great. We ordered seafood pizza. The pizza was nice but not a lot of seafood on the pizza itself. we had to wait a long time before we got dessert. The home made ice cream is very nice. but it should not have taken 30 minuts to serve.
40,"We were served by Rasika, he did a really great job. He could even say some words in Dutch. The burger was ok."
50,I visit four time cafe chill top flour.good cocktails. Chill mule..mocba mule.....and nice gin tonic bar tender udeya and funly service Sampa nice people nice service yammy Salomon fish. Yammy yammy
50,"Excellent meals, well presented, tasty, good variety, well priced. Fantastic service by all staff, ( in particular Saman who served us multiple times, quick and professional , always with a smile on his face. ) good atmosphere."
50,This is a really awesome place with an amazing staff. Thanks Yoga for your service. The food and the cocktails were worldclass.
50,"This is our 2nd visit and loved it even better. The staff is very friendly and attentive. They treat both foreign and local guests in the same welcoming manner. We sat in the 3rd floor where there was bean bags, the staff suggested this place and it was truly a great atmosphere. Very cosy and clean.The food was tasty. But the patty in the beef burger i ordered wasnt seasoned well. Overall we loved the place and will for sure drop by again.Keep up the good work."
50,"We had drinks and dinner, which was all perfect and super delicious!! Our waiter Rasika served us so well, nothing to complain about!"
50,Cracking atmosphere - only busy place in town. Service by Rasika was quick and friendly. Food was ok.
50,"If you come to Ella, you need to visit that place!!! Good atmosphere, good music, great food and amazing service, thank to Sampa for looking after us..."
50,"this place was great! amazing food, good vibe and great service. the team were super friendly. particularly our waiter Rasika. hope to come back one day soon"
50,"Really good atmosphere at Cafe Chill, great vegetarian/vegan options and really goodcocktails! Shoutout to Ranjith, Asai and Pamana from the downstairs bar! Would highly recommend."
50,"Had a beer and Tropicana pizza (Hawaiian). Food was great and service to match. Lasa was very attentive and friendly! Check the place out, great vibe and was busy even during off season. Highly recommend."
50,"I have been in chill cafe for every meal that I ate in Ella. It is the best food and people. Lasa were very kind and pro waiter, he did everything with a big smile and big heart. Go to eat and chill!"
40,"After two weeks of travelling through Sri Lanka we ended up in Ella. In caf√© chill we had a great apero, a great snack and a great meal! Pizza is delicious here specially after two weeks of Rice and curry or kotthu. Also the service was very nice Rasika did our service twice, very chill guy!"
50,"Had a lovely lunch here. Great food (10x curry dish was amazing), burger also good. Rumesh was very nice as well. Would come again!"
50,"A good selection of Western food, which was a nice respite from the rice and curry we have been eating. We tried the Chicken Schnitzel and Fish and Chips. The Schnitzel was delicious, the Fish and Chips were good but wish they had more lemon or vinegar on the side. Lasa provided great service and was very attentive!"
50,"Very nice place in european style. Ask for Rumosh, he is a great waiter. Food is very toasty. Homemade fresh bread, Rolls, cakes, baguettes and ice cream! You will enjoy it!"
50,Rasika served us and was very accommodating. I found the music too loud and he moved us to another table until we were happy. Enjoyed the food and he recommended some great tasting cheesecake too. Will be back.
50,"On our 2 nights trip to Ella, we visited caffe chill three times. It was wonderfull every single time. We loved the cool vibe, great drinks, and excellent vegetrian dishes. The staff was great."
50,"Chanchala, the waiter really made the night! Nothing bad to say. Great service, humor and tasty food!"
50,Everyone we had spoken to about Sri Lanka had told us to visit this place! We went for dinner on our first evening and ordered a variety of foods. The devilled cashew nuts for starters were AMAZING! The service was really great too.
40,"As the hippest place for food in Ella it's well worth a visit. Food - especially the pasta is very good. From my experience the service is better on the ground level. Especially VIDAL is a very attentive, charming staff member. See you next time!"
50,"The vibe of the place and the food they serve were both amazing! Our waiter, Saman, was super polite and friendly. Definitely reccommened!"
50,We went here on our first afternoon in Ella as it looked busy and people inside had good looking food. We shared beers and a few dishes and they were good. Staff were very prompt and quick and helpful! Good wifi and a fun vibe in there. Reminded us of Bali
50,"Good cafe, friendly service from our waiter Sampa. We enjoyed the food. It is open though, so can get cold - bring a jacket."
50,Brilliant place. Great atmosphere and great food. Staff brilliant as well Clean and soo very helpful. A great place to relax
50,Chill Cafe is perfect for any time of day!Came back twice during our stay in Ella for an amazing breakfast (many vegan and veggie options) and some of the best cocktails I‚Äôve ever had.We were served by Rasika who was so friendly and helpful!Definitely a must do for a stay in Ella.
50,"Desperate for good coffee, the team at Chill Cafe (Ranjith) saves the day, good, strong espresso... Asri the barman knocked up some kick ass cocktails too...."
50,this is a great place and the food is great either and lasa is the best waiter i ever had ◊û◊ß◊ï◊ù ◊û◊¢◊ï◊ú◊î ◊ê◊ï◊õ◊ú ◊û◊ì◊î◊ô◊ù ◊û◊û◊ú◊ô◊• ◊ë◊ó◊ï◊ù ◊ú◊ê◊°◊î ◊û◊ú◊¶◊® ◊û◊¢◊ï◊ú◊î
50,"A busy very popular place. But well organized. Many waiters, many cooks. A hippy vibe in the good sense. Shoes off! But hats off for your curry!"
50,"We had lunch here, food is lovely, really fresh. Our server Rumesh was great, very friendly. Service was quick & efficient. Really nice decor and a great vibe for chilled out drinks."
30,"Pleasant decorated spot and atmosphere. Some dishes were good, others were poor quality. It is weird that there are only male waiters?"
50,"The best place to ""Chill"" in Ella, beautiful design with too many varieties in the menu, the place is clean, the cooking area is visible so you can see the chefs preparing the dishes.The staff is helpful and friendly, we passed by 3 times so far and Rumesh always attend us with a smile, he also assist us with any question we have around the the town.Would come back for sure!!"
50,One of the great place for western food in Ella city center. Big up for our waiter Rumesh who was super friendly and available. Would recommend the place for a great dinner.
50,"Best mint passions fruit iced tea we ever had üòç Rumesh rocks the service with a charmy smile on his face and the food was super tasty. only drawback that comes to my mind: the rather loud, electronical music."
30,"Nice place to sit, it quite and nice music but not Sri Lanka-like. Prices are relatively high but service is very good"
40,"Ella is a bit of a buzzing lively sort of town with lots of cafes and restaurants to choose from. Chill Cafe would be one of the best. Had an amazing Rice and Curry and then the next time a really good Greece Salad ...... whatever you fancy, they will have it. Also serve a great bottle of wine. Would move in to Excellent if they would have a non smoking area - why do people want to smoke where people are eating?"
50,Good food and cold bear in town Rumesh is very helpful. The place is full of tourists and the food is appropriate for them.
50,Great place to eat & drink. Staff are very friendly a lot of foreigners & great to meet new people! I had the fish fingers to eat & it was beautiful! Thank you to Eka for your service.
50,"Usually it is really hard to satisfy me in restaurants because most always do something wrong. This time I was finally able to get what I really wanted! The portions, the taste, the service and again the taste! Definitely a must try. The atmospher is a mix of foreigners and locals. I recommend everyone"
50,We got here after the long but amazing train journey from Kandy. Our waiter Rasika was so attentive it was so nice to just kick back relax and be looked after. The food was amazing such good quality and so much of it! Such good value too! WiFi everywhere which is great for holiday planning for backpackers. Really recommend a visit here if your in Ella !
50,"We had our lunch break at Cafe Chill between our visits to Nine Arch Bridge and Ravana falls. We ordered lumprais and a beef burger, both were great."
50,Been here few times for dinner and drinks but today was the first day I came for breakfast. Great coffee big breakfast and superb friendly service . It was busy but they managed it so well and Rumesh the waiter did a great job highly recommended for a meal any time of the day and they will make it an unforgettable one . Keep up the good work cafe chill Ella .
50,This is our 4th visit to Cafe Chill. Always enjoy their food n atmosphere. Extended floor area gives more comfortable seating areas. Boys are very attentive & the service is quick. Must mention RASIKA for his extra care. Keep it up Cafe Chill.
50,"Today was my second time in Cafe Chill Ella, one time wasn‚Äôt enough!Ordered the fish and chips which was amazing... And that‚Äôs coming from an English man haha!Absolutely fantastic service from arriving at the door to the table being cleared by super friendly Lasa.Thanks and see you again :)"
50,"We stayed for three nights in Ella and went there every day. We were greeted so warmly by the staff - big shout out to Vidal and Sampa. Everytime we walked past they would come and say hi and they remembered it was my birthday during my stay there too. I've never known such incredible service. And also, the food!!! I mean...no words.Thank you so much guys. Can't wait to come back and see you all again."
50,"just randomly walk into this lunch and it is super cool. food is good, staffs are friendly. the one who serve me name is Rumesh, he has lovely smell and give you warm welcome. highly recommend this place to recharge after a hike at little adam‚Äôs place!"
50,was here for lunch. a very nice environment and pretty good food. was serviced by LaSa and he was extremely friendly and took time to introduce some of the local dishes. recommended place for lunch and a place to chill
50,They say to eat where there is a crowd and Chill certainly had that. The service was outstanding as was the food and staff were completely tuned into their jobs handling the crowd with ease. Husband's were delighted with table booked for them to return to watch All Blacks play the following day. Well done Chill!
50,"We were served by the fantastic Chanchala who was attentive, friendly and efficient. We had a delicious meal. There's a great atmosphere. Despite the busy restaurant service was fast. Thank you Chanchala."
50,really good food and service! service from Sampa was really god! the place is very relaxing and we enjoyed it
50,"This place was recommended by our tour guide and we enjoyed it so much we returned the following day. Tasty food, reasonably priced, great service from friendly staff (thanks Rasika) and great atmosphere."
50,"Great staff, Rumesh helped me a lot to find the local bus to Tangalle which is not an easy task to solve. Food is good..try the mango juice!"
50,"Delicious food, we had veggie burger, fruit ice crem and cheesecake and really foodporn! So satisfated! Also amazing and willing waiters, Vidal is the best waiter we have ever met, not the last time here for sure. Really recommended."
50,Lovely restaurant in Ella. It was really popular with other tourists and came recommended by our local tour guide.The cafe had a chilled out atmosphere and had the best food we got in Ella.The cafe has a good variety of food so its definitely recommended if you need a break from all the curry or need a good place for dinner.This place will be on my shortlist list the next time I visit Ella!
50,Lots of options here in terms of food and drinks. Delish Sri Lankan food but also plenty of western alternatives. Service is really fast and friendly! Rumesh served us 2 days in a row and was amazing!
40,"Overall good experience, highly recommend Veggie Burger (Beef Burger not so much). Great Ice Tea, good fries. Good Service by the team, especially Rasika (who knows even a little German ;))"
40,Restaurant was busy but Rasika was still very attentive. Food was amazing and the restaurant has a great vibe. Good value
50,Really good place to eat. Personal was really nice - especially Rasika. Meal was Very good. Thank you
50,We had cocktails and an excellent meal - lamprais and devilled chicken recommended - in this lively mid town restaurant in Ella. Great service by Vidal - thank you!
50,Staff is so friendly specifically Rumesh. Food is great. One of those places you keep on visiting again.
50,"Read the review initially in our Lonely Planet guide & wow, this place was better than expected. Great food, awesome vibe & fantastic service. Vidal & Rumesh looked after us & they were brilliant, great customer service & good fun.Make sure you stop here, you won't regret"
50,"We‚Äôve visited here a few times over the years and they just keep outdoing themselves. Food, drinks, people and vibes are all top notch (if you‚Äôre questioning the local food this is a safe bet, but they also offer a lot of western dishes if you‚Äôre looking for something a little closer to home). PS. look for Nisha or Yoga and they will take care of you"
50,"The food and drinks are delicious and the staff is very friendly and open minded, especially Rumesh was very helpful."
50,"Great caf√© bar with an awesome atmosphere, especially upstairs! Very relaxed vibe with great drinks and fantastic food! Was very surprised. The staff are friendly and the location of the caf√© is central."
50,Excellent! Great food great service. Maximum chill vibes. Udaya is a top don. Stay bless Sri Lanka. Xxx
40,"This is where it‚Äôs happening in Ella. Good vibes. Quick, friendly and professional service. Burgers, pizza and cocktails. Thanks Chanchala."
50,"Good food with big portions, delicious food, and very very friendly waiters, we returned twice whilst staying in Ella! Would recommend for a drink and food! Special shout out to Vidal who was so chill!"
50,"Wow... well where shall I begin.. what an amazing restaurant in the heart of Ella (central) was greeted and hosted by Rasika.. kind young gentlemen, made us feel at home and gave us brilliant recommendations for food and places to visit. Me and my Girlfriend had a superb time and will highly recommend to visit in the near future. Thank you so much once again Rasika."
50,Vidal brought us the best mojitos in sri lanka ! Really great service and a nice place to sit ! You should come here ! Love it !!
50,"After being in Sri Lanka for 2 weeks I was beginning to crave a meal that wasn‚Äôt curry and rice. Cafe Chill has been the best Western food of the trip so far. The burger was great, the baguette was great & the cocktails were great! All up to western standards, no matter where you‚Äôre from. The setting makes you feel like you are really on holiday and our host, Vidal was as accommodating as could be! I am already looking forward to our lunch here again tomorrow!"
50,The restaurant is nice with a mix of Sri Lankan and European dishes and a ‚Äúcool‚Äù atmosphere with lounge music. It‚Äôs not traditional but a nice change once in a while. The staff is very nice especially our waiter Rasika !
50,"We loved cafe chill! The menu is huge, and has so many options for international and Sri Lankan food. This restaurant has a good ambience and is always busy. The food was some of the best I‚Äôve had in Sri Lanka - would definitely say it‚Äôs good for families with children aswell. Staff very friendly also."
50,Really enjoyed good western but also sri lankian food. Later in the evenings you can also catch a beer or two there. Very friendly and nice service by Rasika.
50,We came here three times during our four nights in Ella and this place was great. COol set up and good music always playing! The Beefy Burger and Chicken Baguette were our favorites and the potato wedges were also a nice side. Big bottle Lions are a must! Ranjith was our server for one of our visits and he was very funny and friendly and also very helpful when we asked a few questions about the local sights.
50,"We loved it at chill bar Ella! We came here a good number of times in our short stay, the food is amazing and such a good price, super tasty drinks and the best service as well. All the staff can‚Äôt do enough for you and maintained the relaxed vibe of chill bar. I would 100% recommend to anyone. Sampa looked after us for our last evening and made sure everything was perfect for us ‚ù§Ô∏è"
50,"This place deserves its name, it's a very relaxing place. The food is really delicious. I tried the mix Sri Lanka food in banana leaf, I really liked it, I especially loved and recommend ""mango chutney"". Even if it is not served with a dish you can ask for it. It goes really very good with meat. I also tried hamburger. I loved the spicy patty, it was not just meat, salt and pepper like the ones in classical burger, you should try it. Also people working here are cool and chill people. Vidal was very good to me, he is nice and helpful person."
50,"Cafe Chill is honestly one of the best places to have a meal if you want great value for money and excellent service quality. From the moment you step through the entrance and into the restaurant, you genuinely feel calm. The interior design is well done and makes you feel intrigued as to what's on the menu, and rightfully so! Cafe Chill is excellent if you are not sure what you'd like to eat because it ranges from international classics like: English fish and chips, Greek style fish with artisan bread, German inspired chicken schnitzel, to local cuisines, and more. If you prefer a more local palette, the lamprais is a must and is very popular too.Furthermore, my partner and I will both agree that if there was ever an ""Employee of the Month"" award, it should definitely go to Vidal. He service was excellent, and his positive attitude was contagious. He went out of his way to ensure that our dietary requirements were met, and even recommended substitutes for those we could not handle.The food itself was excellent and there was nothing I could honestly say that we didn't enjoy."
50,"Good place, yummy food and fantastic ambient. The waiter, Rasika, was very nice and helpful as well."
50,"Very chill environment, great food and great service !! Thanks Rasika for the killer breakfast we will be back during our stay :)"
50,"If you want a bit of a change from the amazing local food, then Chill is a great place to have it. Our family devoured the pizzas, burgers and salads after 7 days of local currys - and all the food was great quality, fresh and reasonably priced. Prime location on the main road in Ella, so lots going on around you; some chilled tunes; and great wait staff. Big shout out to Rasika in particular for looking after us so well. Thank you Cafe Chill!"
50,"Exquisite food, gorgeous boho decor and carefully curated music. We had excellence service from Lasa on the two times that we went. :)"
40,"Eat here twice, once for dinner and once for lunch. Food was nice, especially enjoyed the chicken burger. It's relaxing inside (as per the name). Service was a little slow first evening we went but was great second time around with Rumesh looking after us."
50,"Nice place to have a drink or two, we found it was a bit over priced but then again we had a great time whilst ‚Äúchilling‚Äù out!"
50,"Great mix of international and local cuisine, very tasty food and good selection of drinks. Had meals here for about 4 times on our 4 day stay in Ella. Staff is incredible, they welcome you like friends after your first visit. Rasika, Ranyith, Vidal, Chala and Dinesh were incredible, 5 star service!!! Definitely a must visit in Ella."
50,"We were only in Ella one night, passing through and our Driver recommended this on arrival. It was just perfect. Nice cold beer and the kids got to eat something other than curry and rice. The Fish and chips was amazing!"
50,"Great food, vibe and service. Rasika our waiter was attentive and welcoming. Wouldn‚Äôt go anywhere else in Ella!"
50,Friendly staff and delicious beef burger! Rumesh has been so kind with us. The place is clean and cute. Thanks!
50,"Good caf√©, with very good food and a nice atmosphere. Friendly and helpfull staff. We were served nu Rumesh and Ranjith."
50,"We were recommended this place and had no regret, amazing food and fabulous service and the cocktails were awesome. Great vibe, friendly attentive staff and must if you are in Ella"
50,Only in Ella for one night but really enjoyed it - visited Chill Cafe and it's a cool place with good cocktails and friendly staff - great service by Odair
50,"We have been there many times (lunch, dinner or just to drink something). The service was amazing (specially Rasika and Lasa), the food is really tasty, the environment is really good, and perfect location. you should go to the third floor, although all the restaurant is great!"
50,We came here for a drink and stayed for a meal and great night. Rasilca is the man. We felt very comfortable here and received some of the best service I‚Äôve had in Sri Lanka. Highly recommend. AKD
50,"It‚Äôs a very chilled cozy place. The food was really good and fresh. We came here two days in a row. Thanks to Sampa and Lasa for the very good service. We recommend this place. The ‚ÄúAmerica meal‚Äù (Fish), was a highlight today."
50,Great food (local and international) super friendly staff (especially Rasika). The place for dinner in Ella!
50,"A nice cozy place in the heart of Ella that serves some amazing food at reasonable prices. Everything on their menu tastes amazing and they also have quite a few healthy options. Ranjith, Yoga and Upul are extremely friendly and help you with customisation and also delivery food in the prompt manner. They ensure that you leave the place with a smile on your face. The food is so good that we've been there thrice during our stay and literally tried 3/4th of the things on their menu. Recommended!!"
40,"Small little cafe in Ella town. Easy to get to. Great food variety and beer. Ask for Rumesh, great service."
40,"Sampa gave us a real treat, advising us to take the Lumprais, a delicious choice! It's a busy place so don't expect quiet conversations..."
50,"We've been to Ella twice during our stay and spent most of our evenings in this bar. Great ambiance, love the pillows. Special thanks to our waiter Lasa for being so friendly and helpful :)"
50,The food was insane and Rasika was the man!! We got the lamprais and it could possibly be the best dish on the menu. Would highly recommend!
50,Good place to visit in Ella! We went for a diner and had Some drinks. Our waiter Rasika was really friendly and kind to us.
50,Awesome experience. The food was really delicious. Relaxing music and chill vibe. Especially thanking Rasika from Caf√© Chill!
50,"Me and my friend came here for dinner on our first night in Ella. The staff were all really friendly, especially Rasika, and our food was delicious! All the food and drinks were really good prices and they had a massive range of food options. Will definitely be coming back!"
50,"In need of pizza after 8 days of delicious curry and Sri Lankan fare, we popped into Chill Cafe after multiple recommendations. The food was great, and the service quick and slick. Ranjith our server was warm and very helpful."
50,"Great food Sri Lankan and western, beers also available among other things. Prices were very reasonable- will be coming back tomorrow for some more lumprie"
50,We went there by the recommendation of the lonely planet and was really great. Nice modern place with excellent food .We tried typical Sri Lanka food and loved it.Eka advised us a fresh tea with mint and passion fruit and was sooo tasty!For sure we recommend this place !
50,"The food is simply outstanding . The combination of Sri Lanka traditional food and western food make a restaurant to explore everyday for the variety of dishes. We ordered the Lampras , that is a traditional rice curry with variety of local spices wrapped in a banana leafs . We also ate a tuna grill fish with a sweet spicy sauce , wow amazing! The best waiter is Rumesh , very attentive and positive personality . It was a pleasure eat at Cafe Chill in Ella."
50,"Decided to check the menu for breakfast thinking it would be expensive but compared to other restaurants around Ella it‚Äôs really reasonable. Great western food and the best coconut coffee! The service was great, especially Rumesh who served us. Beer prices also good so we will return in the evening!"
50,We went here for dinner and it was really great. The food was delicious and it was worth the money. The staff was really nice and friendly. We also took picture with our waiter Rumesh :)
50,"We wanted to eat something from Srilanka, Sampa recommended something special, it was perfect, delicious, and very good service. We enjoyed every moment. And because of the extraordinary service we had, we returned in the evening for dinner. Thank you Sampa."
50,"Ella, Sri Lanka is a laid-back town in the central hills. For local travelers it is not a preferred destination. But, once you go there, you will find that the Ella tourist area is out of this world. Amid cool climes it offers a unique architecture with multi-story restaurants done using wood, coconut & palm leaves. The ambiance is so exciting. Among the restaurants, The Chill Cafe stands out. As the name implies, it is a great place for chilling. Up-stair all wooden building creates a lovely environment. You have to remove your shoes if you are going to sit upstairs and that gives you a very relaxing feeling. Food variety is amazing. Their detox drinks can't be found even in 5 star hotels. Different food have distinct tastes, the portion sizes are substantial and reasonably priced. Staff is very courteous though they are mega-busy. Real value for money. You won't regret visiting this restaurant."
50,"Great place, great food and staff. Wide range of food available. The waiter we had was brilliant - big up Rasika for looking after us so well"
50,We had a great burger and nice sandwich here! Really nice atmosphere in this caf√© and Lasa who was our waiter was great! We will come back
50,Rasika was our waiter and helped us pick our drinks and food. Everything was very tasteful and fresh. Would def go again!
40,The two drinks I had were refreshing. The snack I had; wedges were good and the service was great. The staff were attentive as are all in Sri Lanka. Toilets were clean! But as with most places in Sri Lanka; everything is grimy.Just wipe down the menus and tables properly every once in a while.
50,Have been there last week when we stayed in Ella for a few days. Food and drinks are great. Service is perfect. Thanks especially to Sampa for making our stay so comfortable. He was very polite and friendly.
50,When i during my trip i stayed ella it was my 1st stop in sri lanka i had lunch with my friends in chill cafe actually it was great. Really good food and good service. Yoga was good staff member . I wish come again
50,I came here with my family. I had really delicious pizza ever. If I would like to recommenced this restaurant for all. ‚≠êÔ∏è‚≠êÔ∏è‚≠êÔ∏è‚≠êÔ∏è‚≠êÔ∏è the staff is excellent specially yoga gave us good service
50,"If your looking for a chilled out place to eat and enjoy some drinks in Ella, Cafe Chill is perfect! Family friendly, with the best passionfruit mojito. The lights, music and vibe makes you forget about the time. We were lucky enough to have Rasika as our waiter, he was outstanding, no need to write any orders down, was very efficient, cool, calm and friendly.Must visit when in Ella!!!"
50,"Very cute place. Service by Rumesh was outstanding. Very nice guy and service was very quick even thought it was soo busy. The food was amazing, definitely recommend the chicken burger. But the menu is huge and other dishes looked amazing. Espresso martini is amazing also. The price is very very reasonable. About ¬£5 per main meal! Will definitely be back!"
50,Amazing food. Great atmosphere. Superb service from Rumesh! Bruschetta was amazing! Could not recommend this place enough
50,"Had lunch, excellent service from Rasika, had burgers, curry and sandwiches, all delicious. Also had a variety of drinks. Would highly recommend"
50,"Very friendly waiters, mainly Rumesh!! Lovely guy and very helpful! Wonderful place and better workers"
50,Very tasty great food and great staffs. Also the best tea i had here. The place is also nice and comfortable
50,"Best restaurant and the only restaurant with a friendly staff.Very clean food. Delicious food. Quick service. Thank you, my guest was very happy."
50,Very nice place. Food was great and drinks also. Rasika is the best bartender. Definitely one of the best places in the city.
50,We are coming with our family and food was delicious and cocktails are most tasty. Staff are very quick and very helpful.
50,We came here on recommendstions and everything was great! Thanks to Rasika for the nice meal advice. The Curry baked in banana leaf was really tasty!! :-) Cocktails are nice and not expensive. Great evening in our honeymoon.
50,Great atmosphere. Delicious food. Friendly service. Menu contains both local and western cuisines. The best restaurant in Ella.
50,"Vidal OK!! The kitchen crew it's excellent very recommended Pizza üçï okkk Salad okk Ubicaci√≥n muy buena, decoraci√≥n muy bonita"
50,"This is one of the best restaurant in Sri Lanka! I really love this places, we used to visit Ella on 9-11 August 2019 and we went there twice as we really love the food there, especially deviled fish & chicken plus the best service from local staff. No wonder why this place is very famous!! I would love to go back again for our next visit."
40,"This is one of the most populair places in Ella for lunch, dinner or just a drink. The food is good but it is far from cheap. The staff is to-the -point and helpful."
50,"Had all our meals at Chill, irrespective of how crowded it was and believe me, it is always crowded. From the beautifully designed decks made from Bamboo, to the modern menu which includes Sri Lankan, Fast food and even Continental cuisine. Freshly squeezed juices. It gets really busy in the night time, with most young patrons visiting the place for a drink. They probably had the best music playlist and is an excellent pace to CHILL after a long day of sight seeing. Place is child friendly."
50,"Good breakfast and lunch and affordable excellent service by Rumesh and Ranjith, Good americano black coffee!"
40,"Came for lunch and this place was busy and clearly the ‚Äòin‚Äô place.Very different vibe at night.There was plenty of choice on the menu, drinks and nice seating areas. Staff very friendly and reasonable prices. Food was OK but nothing to write home about - very good though."
50,Cafe Chill is in a great location and serves delicious food. Rumesh served us and was always cheerful and helpful.
50,the food was really tasty and the service was very nice as well. we had Rumesh who looked after us perfectly. pretty chill location to sit and enjoy some drinks and food!
50,we had lunch and the food was great. also the stuff there is very kind and helpful. highly recommended!
50,"We sat down for a while to chill, right after our hike and train trip in the early morning. The second floor has sitting bags, which is exactly what you need. Since we liked almost everything on the menu we had a very large order. Sampa (employee) did memorize the whole order and was a great host."
50,"Very good Food, very clean and very friendly Service. Especially our service rumesh do da very great job."
50,passing by Ella we stoped here becuase it was te busiest resturant in the whole street. they have good food and do great service . espically the guy called Rumesh .. hes just awesome .
50,"We visited cafe Chill multiple times during our stay in Ella. It's a really nice place for having dinner and drinks. The menu is extensive with both Western as Sri Lankan Food. We tried the vegetarian burger and the zucchini pasta which were both excellent. Besides that I would recommend going there at night to have some drinks (nice cocktails!) at the upper floor. We really liked the friendy staff, especially Vidal and Ruwsesh. Thank you so much for the great time and see you later!"
40,Very cozy restaurant with International and local food. A really better and professional service by our waiter Samoa in a Peace & Love ambiance. A place to go when you are in Ella.
50,After a day out of ella we had a really tasty lunch - the pizza and potato wedges really hit the spot! (we decided to have something different from the otherwise amazing Sri Lankan food so far) Excellent and friendly service by Upul too!
50,We came here a couple times when we were in Ella. The food was delicious and seems to be the most popular place on the strip.Rasika served us and was really attentive. Our food came out quickly and he was on to our drink refills without being pushy.Definitely worth checking out when you‚Äôre in Ella.
50,"Had a great time here, especially fun at night. Dinesh was a great host! Food was fine, lots of options."
50,"Had a delicious chicken curry for breakfast. My friend has a Spanish omelette and said it was delicious. Don‚Äôt forget to order one of the mango smoothies. Absolutely delicious, and Rumesh our server was extremely helpful and gave us advice on touring Ella. Thanks!"
50,"We had a great time at Cafe Chill super well located. Service was phenomenal. Our server Rumesh really went above and beyond, giving us travel recommendations, explaining how to eat local food, etc. Really really great. The food was also delicious"
50,"It is the most crowded restaurant in Ella. They have good drinks, food and friendly stuff so I would recommend it from this point of view.If you are searching for a more traditional restaurant I would not recommend it as it is has more an European than local flare."
50,"This place fit perfectly in our rice-and-curry trip, we spent a super (real chill) evening with good quality western food, yummy cocktails, lounge music and young travellers from all over the world around. Lasa waiter guy was super nice!Cashew nuts is a must try for appero!"
50,I visited this place with my wife and we had great service by Vidal. All the food and cocktails we had wonderful. We deeply suggest this place.
50,Very nice hamburger from rumesh & chanchala. Nice vibe and atmosfhere. Very friendly people and good food!
40,We loved this place Ask for Sampa & he‚Äôll get to amazing food. We had the super crunchy feel sh fingers & zucchini noodles. Very yummy with some Lion ale
50,"A very funky place with great options if you want a break from local food. The pizza and chips tasted just like it does at home. The beer was super cheap, the cheapest I have seen so far outside of a supermarket. I wouldnt say the food is cheap but it's worth the price. Very busy with foriegners"
40,Lovely food ..thanks to Vidal ..he was very good at suggesting the dishes and was friendly . Knew exactly what to get for us.
50,"This place is ‚Äúmust visit‚Äù in Ella: profesional service, lokal food made with enthusiasm and refreshing drinks. Thanks again to Rasikam for a perfect job!"
50,"It‚Äôs a lovely restaurant with a great vibe! I had the beef burger, my boyfriend got a pizza. Now outside of the states I‚Äôm always a bit skeptical of burgers, but this one was absolutely delish! I was positively surprised. The pizza was really good too, as was my fresh blended juice and like and soda drink! It‚Äôs got a nice seating area or bean bags if you want to chill. Definitely worth a visit."
50,Got served by ekanayake (eka) amazing food and the ambiance was just perfect the name says it all sick music flowing around great experience üëçüèΩüòÅ
50,"We had a very nice evening and very good Sri Lankan Dishes. And Ranjith even made a birthday surprise for my son with switching the lights of, everybody sing a brithday song and a lovely chocolate cake. Thank you, Ranjith, for this nice and felicitous surpirse."
50,"I got serve with rasika, the place so nice and also the food.. and the people also give the best serve at the moment.. nice to try if u go to ella"
40,Great place to hangout and chill at Ella! The food is good and their cocktails are okay. We were served by Dinesh who was savvy with the menu and knew what to recommend. The pizzas were great and the French fries portion was totally value for money!
50,"The place in itself Is so beautiful. The structure, the roof the wood. And the food and music complete the atmosphere. But the best part are the people. With more than 300 people both our waiter Yoga and the bartender, Udaya, were super quick and really careful to all our questions. I reccomend for a moment of pure relaxation, a great drink and rest after hiking around Ella"
50,Very vibey place. Good food. Had a veg burger. Loved the ambience. Served by Rasika. Friendly staff. Was busy but service was good.
50,"Had the beef burger that was really good, was served by Rasika. He never let me wait long and always had an eye on the table! Great service!!"
40,Dinesh served us and he was very friendly and was always checking up on us to see if we were enjoying our meals
50,"We had an hamburger and noodles, big portion and nice people. We had a good welcome and nice service, thanks Ranjith! Raccomanded!!"
50,Went here twice for a cold drink. Great variety on the menu and got the iced coffee which was delicious. Got the chia pudding fruit bowl as well which was also fresh and tasty.
10,We went to Cafe Chill for lunch a few days ago. I ordered a lumprijs while my two colleagues ordered sandwiches. After about twenty minutes what the waiter served me was not a lumprijs but a packet of rice and curry. When this was pointed out the waiter slipped away murmuring something. I should not have eaten what I was served. But I am not the quarreling fussy type. Since we were already late on our work I decided to have what I did not order. It was bland rice and curry with undercooked rice. The only positive element was that it was warm. They should have told me that lumprijs was not available. I would have had something else. Why did they want to cheat a customer who thought this Cafe would be trustworthy. Very bad game of money-making.
50,"We tried the lamprais wich was amazing, with the perfect amount of spicy. Our waiter was very helpful and always smiling, his name was Sam√°n."
50,Best food and service in Sri Lanka!! Great atmosphere and excelent food. The waiters are the most welcoming people. Just go!
50,We spent 3 nights in Ella and for 2 nights we went to this warm and relxing restaurant and we really appreciated the Home Made FishFingers. It was a Crisp chunks fried white Fish very chruncy served with a salad and sauces. Delicous dish very recommended to tourists. A special thank you to Sampa!
50,"Its a great place to relax and eat something after a long day of hiking and exploring the nice things in ella.The food is local food as you can also find western.My favourite thing about this restaurant was the best waiter named Sampa! He is a great and friendly guy.If you are planning to go, make sure you say hello to Sampa!"
50,"We ate at the chill cafe every dinner during our three days in Ella. They have well priced amazing food both western and Sri Lankan styles made with incredible presentation, taste, and attention to detail.Also the staff goes above and beyond to make you feel comfortable and at home.We highly recommend the place for breakfast, lunch and dinner or just as a nice hang out on a lazy day. Best place we found in town!"
50,"A special thank you to Sampa for his kindness and his welcoming. The food is very good and the cocktails delicious. Thank you ! In√®s, Emily and Lyes"
40,"We had a lovely dinner here, the service was great thanks to Chanchala! Really cool vibe and definitely recommend. The home made ice cream was the highlight of our meal - so so good!"
50,"If you want to have a great breakfast, lunch, diner or just wanna hang out with a cocktail or smoothie, go to caf√© chill! We Highly reccoment this place. The food has an extraordinary good quality and there is a very good vibe there. Our waiter was Rumesh and he was very kind and helpfull. No doubts where we gonna eat next time when we are in Ella!"
20,My pet hate is when the server doesn‚Äôt even bother to ask how the meal was! We ordered the tasting curry served with rice in banana leaf - it was dry and all mashed up like dog food. Flavour was bland and very underwhelming which is unusual as Sri Lankan food shouldn‚Äôt be that hard... we are in Sri Lanka after all! It just tasted like dry white rice with a whole lot of crap mixed through. Ended up paying the bill and left. Cocktail was nice.
50,We would like to thank Rumesh for the Good service. The Food was really good and the people Bert friendly!
50,"Ate here twice on our trip to Ella, good variety of food and both meals were great. Also some of the best service we had in Sri Lanka, shout out to Rasika!"
40,Very good food and super service by Sampa. Everything very clean and comfortable pillows on the floor - really a Chillzone. Thank you
50,"We enjoyed very nice and tasty western food here! Waitors are very friendly, especially my homie Rumesh! Great experience!"
50,"Very nice Caf√© and family friendly!The self made ice cream is fantastic! Thanks Rangi, Ranjith, Rumesh, Vidal and the staff!!"
50,We had a brilliant evening in Cafe Chill. Quality drinks and food along with a bustling yet friendly atmosphere. I thoroughly recommend.
50,"We spent 2 afternoons here, having drinks and snacks and then enjoying dinner. Staff is super friendly and helpful and food is served really quick, yet they still apologize for ‚Äòthe long wait‚Äô. Especially Dinesh and Chanhala were so kind! Would definitely recommend going here at anytime of the day."
50,"Yum!!!! Amazing food. Wide variety of food. Great prices. Staff are so incredible, they work really fast but are still lovely and make you feel so welcome."
50,"Superb atmosphere, great service, all young boys are working with a wonderful welcoming hospitality! Food and s awesome and the music is good too. Rushan gives a five star service!"
50,"A very cute place in Ella. You can find good food, perfect drinks and delightful service. We also liked the music, chill one.... we asked for it to Vidal, most gently waiter ever, and he gave us the complete list. The whole place make us think in Ubud, Bali."
50,"Had a good lunch here, Rumesh was a great waiter. Would be nice if there was some fans to help with the heat but wasn‚Äôt enough to bring down the review"
50,"Great restaurant with a vibe to match the name. We were served by Chanchala on the first night and went back the following day where we met Rumesh. Both staff members were friendly and approachable and couldn't do enough for us. Great food, choice and atmosphere. Would certainly recommend."
50,"We visited cafe Chill 3 times in 3 days :). Well decorated, good music, good service and staff is friendly and fun. Besides Chill is one of the best places to have a drink in Ella. If you like ice tea, definitely try one of their home made ice teas!"
50,"I went with my parents are my little brother, was very good served all types of food. They all had a fantastic memory I was served by Saman, he was very helpful and a great waiter! I would definitely go back there !"
50,"Great vibe, very touristy but amazing service and choice of food. Not really a Sri Lankan scene or vibe , very western"
50,"Although very busy when we sat down for dinner, we were promptly served and our order quickly delivered. I would have been happy to wait much longer as my meal was delicious! Taking a break from 15 days of Sri Lankan curries, I ordered the Greek grilled fish and salad. Elsewhere my attempts for fish were usually delivered dry and tasteless. At the Chill Cafe it was moist and tasty! The accompanying Greek salad was delicious as was the tzatziki. Couldn‚Äôt fault anything"
50,We had dinner here and the food was great. I had German chicken schnitzel and potato salad and mushroom sauce. It was delicious. My husband had a chilli pizza and he really enjoyed it. The atmosphere was great too and the whole place looks great. Our waiter Rasika was terrific.
50,"Perfect place to have a drink and a relaxed dinner. Our food and drinks came very fast, and with great service thanks to Rumesh. Rumesh also speaks a little bit Dutch üòâ ! Definitely could recommend!!"
50,"we had dinner as a family of 5. food was good. drinks were awesome, and the atmosphere is exactly as the name implies - ""chillling"""
50,"Delicious, beautifly served and healthy food. All organic fruits. Very big restaurant ( which is not really visible from the outside) with super nice top level where one can sit on comfortable poufs. Thank You Mr. Lasa for bringing us delicious cocktails, fancy food presentation and professional, nice service :-)"
40,"Great sandwiches in a fresh bun/bread, nice atmosphere and refreshing ice tea ‚úåÔ∏è Tnx Rasika for pleasent service"
50,We found Cafe Chill on Happy Cow and new there would be vegan options.There were traditional Sri Lankan options but also some western options.We had the noodles and the fried rice and quite a few fresh juices.Our waiter Dinesh was super helpful .. telling us there was animal products (shrimp) in the chilli sambal and offering alternatives.Service was quite quick considering it is a huge place.
50,"Great atmosphere, great food, great service - couldn't have asked for more! Truly exceptional cafe run to up-market western standards. Large, generous portions served by extra-helpful staff. A 'MUST visit' restaurant if you're passing though or visiting Ella!"
50,"We looove cafe chill! We went every day during our time in Ella. The food is amazing, the drinks are cheap and the service is great! Thank you so much to Sampa for being such a lovely waiter, you are such an asset to Cafe Chill!"
50,"Chill cafe is well worth the hype! The set up is cool and chilled (lol) although the atmosphere is lively and fun! Fab food at a very reasonable price, there‚Äôs something for everyone!! Although the waiters are super busy they are friendly and chatty; Vidal made our experience great! He was really smiley and chatty and he had an impressive memory!!"
50,We knew this was popular but it lived up to expectations and beat it. Our first night was on a Saturday and it was rammed but they found a place for us to look out on main St . Our second night was more chilled but equally good. The food is fantastic. The music is off the scale. And the service from Vidal was the best we have had in Sri Lanka. Seriously awesome place.
40,"Great atmosphere, lots of people good music, at times a bit loud.... staff are friendly, the place is welcoming.... other places nearby are virtually empty, everyone goes here..."
50,The most beautiful place.. the most tasty food.. and most happy and nice people work there! We stayed 4 days in Ella and all our meals and drinks were there! Beautiful atmosphere all day!! Thank you all!! Keep doing sooooo good job!! üëèüèΩ
40,Me and my girlfriend decided to have dinner here because it is highly rated. You can have both Sri Lankan and Western food and the servers are very nice. Only thing is that we found it a bit too busy with all the people and the noise.
50,Chill restaurant is really great. The building is cool and the staff are all lovely and so helpful. Food was excellent. I asked for spicy curry and actually got it spicy for the first time in Sri Lanka. Our waiter Lasa was really great and fast. He was really polite too. The passion fruit mojito was amazing too.
50,We had read a lot about this place online and wanted to try it out and it turned out to be a fantastic experience. The restaurant itself is very well designed and funky. The cleanliness is outstanding even in the rains. The food was superb (We tried lumprais and the another Sri Lankan dish with 10 curries). Good quantity and very flavorful. The cocktails were our highlight. We tried the chilly cocktail and OMG it is absolutely Delicious for those who love a spicy. We were served by Upul who was super friendly and added to our experience with his wonderful smile.
50,"Well deserved western meal in a beautiful place in Sri Lanka! Served by Sampha who was so kind, so helpful and made us feel so welcome!! Deffo come back and ask for Sampha"
50,"The place is very beautiful,and the atention is very nice. Chanchala was very professional with us. If we return we have to repeat this place!"
50,We orginally planned on a quick drink break but the lovely Rasika suggested some cheesecake and icecream. I loved my iced tea...so icy!
50,"We arrived in Ella and instantly noticed this place, big straw like hut after looking after 2 reviews I knew I had to try this out, fast WiFi, happy friendly service, amazing food, the staff will do anything to make your stay here pleasant, Lasa especially we ordered a iced coffee which was a bit too strong instantly changed it no worries, top guy... 100% would come back again and again"
50,"Clean good international restaurant. Excellent staff, Upul was making sure we had a good time. Upstairs is nice to sit without your shoes."
50,"Had an amazing time here! Zuchinni cashew was superb. Even got the recipe from chefs Nadeeka and Nishantha. Also great waiters, thanks Vidal! The Iced Tea is also delicious."
50,"Ella is becoming very popular place in Sri Lanka and there are lots of local restaurants. Cafe Chill is by far the best place! Nice food, excellent service from my friend Sampa, nice music, very good cocktails at the roof top, which is also nice area to dine. They have local food as well as international. I was there twice!"
50,We stayed in Ella for 4 nights and had dinner and drinks here every night! The food is so good and then a few drinks on the beanbags afterwards is the perfect way to end a night. Every night we had great service. Chanchala and Vidal were so helpful and really added to our night by advising us on what to eat and drink! They really added to the great atmosphere already in the restaurant! We wanted to watch the Liverpool match and Vidal made sure we had a table in front of the TV with a perfect view of the game.Cafe Chill is definitely my favourite spot in Sri Lanka!From Ireland
50,"Had morning coffee here and came back for dinner. Amazing service from Vidal who was so busy but remembered our names. Excellent food, great atmosphere and Vidal was the best waiter I have seen. Definitely worth a visit here."
40,Went with family and although the street level seating was busy we went upstairs which is actually best place in restaurant. Very busy but good friendly service and great food. Well priced for such a popular restaurant. Would recommend for a stay in Ella!
50,I have been to this place several times and their food is delicious. Very friendly staff and especially RASIKA who did a wonderful job serving their delicious food. Highly recommend to anyone who is visiting ella..cheers
50,The food and drinks here are so good! The staff are very attentive and friendly and they really add to the atmosphere here. Definitely #1 spot in Ella!
50,"We went there the first evening and came back 3 times. We had a chill experience by playing games on the 3th floor.All the food was excellent, pizza, curry and the lamprais.Nice coffee and juices.We had a very good time spending there and the personel was very friendly toMy daughter."
50,Delicious flavours in a very nice place. Don‚Äôt miss Lamprais and fruit juices. A place you should go if you are in Ella!
50,We stayed in Ella two nights and ate both times at Cafe Chill. Food was really good and it had a good atmosphere upstairs. Service from Upul was excellent üôÇ
50,"I had an amazing time in this restaurant. We came back four times for breakfast lunch and dinner, great entertainment, great service, perfect food! Samoa The waiter was the best! Very recommended ‚ù§Ô∏è Tamar, Israel"
30,"I have a feeling that all tourists go there because see other tourists and feel safe because of this..Food is quite average. Place looks very nice but doesn‚Äôt have a ‚Äúsoul‚Äù. In my opinion you can‚Äôt feel there REAL local vibes and real local food.You have plenty of smaller restaurants all around but they are quite empty - everybody sits at chill cafe.We ate in 7 different restaurants and chill cafes was the worst of them.If you want to try local food, talk to local people in more quite atmosphere I would recommend different restaurants."
50,"Nice place, good atmosphere, good food (Greek salad and banana package), nice guy (Rumesh) who helped us :-)"
50,This was our first stop in Ella since it was highly recommended by our guide. Chill offers an extensive menu from traditional Sri Lankan rice and curry to Western hamburgers. There‚Äôs something for everyone. Relaxing atmosphere and great service (thanks Rumesh).
50,"We really enjoy it this place, the waiter Rumesh was absoluty perfect and attends all we asked for. We really recommend it, good food and enough quantity!!"
50,"Great place, good atmosphere. Food is really tasty, Rumesh was great help. I accidentally spilt my drink all over my meal and Rumesh sorted it and replaced anything that was ruined! Would definitely recommend!"
50,"Very good food, with excellence service from Rumesh. Had a chicken baguette which was very tasty. Was sorted another vowel of fries after spilling some drink on our meal. Very good!"
50,You cannot find any other place with quite such an atmosphere like Chill in Ella. The attention given by Rumesh has been superb and Lamprice is one of the best meals we‚Äôve eaten in the whole country. 100% recommended.
40,The food quality was greatKids enjoyed the place and the presentation of the food.Quantity was good and enough to shareThe ambiance is more RNB and chill out lounge with bean bags at one cornerThe waiters weren‚Äôt that attentive neither friendly. Typical Irish type cafeRecommend anyone in Ella to visit this place
50,We've travelled through srilanka for two weeks and this place had the best food for vegetarian we encountered during whole trip. Great atmosphere and good service. We definitely recommend this place
50,"Really cool vibe to this place and great food. It‚Äôs in the main Ella drag. We had nice salads, burgers and pizzas. They do a varied menu including some Sri Lankan dishes. Rasilca served us well indeed üëçüèª"
50,The place was very cool! Food was excellent for a good price and Upul was lovely! 10/10 would recommend to a friend
50,"After climbing Ella Rock, we decided to treat ourselfs on burgers and beer. The service was great by Lasa and the food was delicious."
50,"Chill is a very fun place and the food is really good, so as the service. Don't miss the mint ice tea!"
50,They served good quality tasty Foods .waiter gave us a good service .good music. It's made environment friendly .prices are bit high.but quality foods
50,"Food was great and delicious and can enjoy it with excellent background music. Well organized, super-relaxed everything, super and friendly service."
50,"The Chill Caf√© is a restaurant / chill-out place over three levels. It has great food for all tastes, excellent background music, and a fantastic service. We were amazed at how well organized yet super-relaxed everything is. Our waiter, Nisha, was particularly friendly and helpful."
50,We had beautiful and grateful memories we had delicious Pizza Margaretta and homemade potato and pabadom advice by Sampa in chill with best service from Sampa in roof floor Thanks Sampa and chill
